Date,Open,High,Low,Last,Change,Settle,Volume,Open Interest
2015-11-02,,,,,0.00023,0.45037,0.0,6820.0
2015-10-30,,,,,0.00034,0.4506,0.0,6820.0
2015-10-29,,,,,0.00012,0.45026,0.0,6820.0
2015-10-28,,,,,0.00312,0.45014,0.0,6820.0
2015-10-27,,,,,0.00145,0.44702,0.0,6820.0
2015-10-26,,,,,0.00176,0.44847,0.0,6820.0
2015-10-23,0.45023,0.45023,0.45023,0.45023,0.00059,0.45023,0.0,6820.0
2015-10-22,0.45082,0.45082,0.45082,0.45082,0.00127,0.45082,0.0,6820.0
2015-10-21,0.44955,0.44955,0.44955,0.44955,0.00051,0.44955,0.0,6820.0
2015-10-20,0.45006,0.45006,0.45006,0.45006,0.00049,0.45006,0.0,6820.0
2015-10-19,0.44957,0.44957,0.44957,0.44957,0.00932,0.44957,0.0,6820.0
2015-10-16,0.45889,0.45889,0.45889,0.45889,0.00477,0.45889,0.0,6820.0
2015-10-15,0.45412,0.45412,0.45412,0.45412,0.00744,0.45412,0.0,6820.0
2015-10-14,0.46156,0.46156,0.46156,0.46156,0.00688,0.46156,0.0,6820.0
2015-10-13,0.46844,0.46844,0.46844,0.46844,0.00383,0.46844,0.0,6820.0
2015-10-12,0.47227,0.47227,0.47227,0.47227,0.01682,0.47227,0.0,6820.0
2015-10-09,0.48909,0.48909,0.48909,0.48909,0.00782,0.48909,0.0,6820.0
2015-10-08,0.49691,0.49691,0.49691,0.49691,0.00271,0.49691,0.0,6820.0
2015-10-07,0.4942,0.4942,0.4942,0.4942,0.00427,0.4942,45.0,6856.0
2015-10-06,0.49847,0.49847,0.49847,0.49847,0.01503,0.49847,45.0,6820.0
2015-10-05,0.48344,0.48344,0.48344,0.48344,0.01392,0.48344,25.0,6779.0
2015-10-02,0.455,0.455,0.455,0.455,0.00202,0.46952,3.0,6778.0
2015-10-01,0.45476,0.45476,0.45476,0.45476,9.0e-05,0.45476,0.0,4806.0
2015-09-30,0.4547,0.4547,0.4547,0.4547,0.00012,0.4547,0.0,4806.0
2015-09-29,0.45482,0.45482,0.45482,0.45482,0.00012,0.45482,0.0,4806.0
2015-09-28,0.4547,0.4547,0.4547,0.4547,0.00107,0.4547,0.0,4806.0
2015-09-25,0.45577,0.45577,0.45577,0.45577,0.00012,0.45577,0.0,4806.0
2015-09-24,0.45565,0.45565,0.45565,0.45565,6.000000000000001e-05,0.45565,0.0,4806.0
2015-09-23,0.45571,0.45571,0.45571,0.45571,0.00119,0.45571,0.0,4806.0
2015-09-22,0.45452,0.45452,0.45452,0.45452,0.00074,0.45452,0.0,4806.0
2015-09-21,0.45378,0.45378,0.45378,0.45378,0.0053,0.45378,0.0,4806.0
2015-09-18,0.44848,0.44848,0.44848,0.44848,0.00182,0.44848,0.0,4806.0
2015-09-17,0.4503,0.4503,0.4503,0.4503,,0.4503,0.0,4806.0
2015-09-16,0.4503,0.4503,0.4503,0.4503,0.00845,0.4503,0.0,4806.0
2015-09-15,0.44185,0.44185,0.44185,0.44185,0.00405,0.44185,0.0,4806.0
2015-09-14,0.4378,0.4378,0.4378,0.4378,0.00357,0.4378,1.0,4806.0
2015-09-11,0.44137,0.44137,0.44137,0.44137,0.00324,0.44137,0.0,4806.0
2015-09-10,0.44461,0.44461,0.44461,0.44461,0.0113,0.44461,0.0,4806.0
2015-09-09,0.43331,0.43331,0.43331,0.43331,0.00211,0.43331,0.0,4806.0
2015-09-08,0.43542,0.43542,0.43542,0.43542,0.00119,0.43542,0.0,4806.0
2015-09-04,0.43423,0.43423,0.43423,0.43423,0.00881,0.43423,0.0,4806.0
2015-09-03,0.44304,0.44304,0.44304,0.44304,0.00625,0.44304,0.0,4806.0
2015-09-02,0.43679,0.43679,0.43679,0.43679,0.01866,0.43679,0.0,4806.0
2015-09-01,0.37244,0.37244,0.37244,0.37244,0.00086,0.37244,0.0,4601.0
2015-08-31,0.3733,0.3733,0.3733,0.3733,0.00047,0.3733,0.0,4601.0
2015-08-28,0.37283,0.37283,0.37283,0.37283,0.00345,0.37283,0.0,4601.0
2015-08-27,0.36938,0.36938,0.36938,0.36938,0.00417,0.36938,0.0,4601.0
2015-08-26,0.36521,0.36521,0.36521,0.36521,0.00307,0.36521,0.0,4601.0
2015-08-25,0.36828,0.36828,0.36828,0.36828,0.00026,0.36828,0.0,4601.0
2015-08-24,0.36854,0.36854,0.36854,0.36854,0.00292,0.36854,0.0,4601.0
2015-08-21,0.37146,0.37146,0.37146,0.37146,0.00414,0.37146,0.0,4601.0
2015-08-20,0.3756,0.3756,0.3756,0.3756,0.00367,0.3756,0.0,4601.0
2015-08-19,0.37193,0.37193,0.37193,0.37193,0.00337,0.37193,0.0,4601.0
2015-08-18,0.3753,0.3753,0.3753,0.3753,0.00051,0.3753,0.0,4601.0
2015-08-17,0.37479,0.37479,0.37479,0.37479,0.00084,0.37479,0.0,4601.0
2015-08-14,0.37563,0.37563,0.37563,0.37563,0.0061,0.37563,0.0,4601.0
2015-08-13,0.36953,0.36953,0.36953,0.36953,0.00479,0.36953,0.0,4601.0
2015-08-12,0.37432,0.37432,0.37432,0.37432,0.00191,0.37432,0.0,4601.0
2015-08-11,0.37241,0.37241,0.37241,0.37241,0.0056,0.37241,0.0,4601.0
2015-08-10,0.37801,0.37801,0.37801,0.37801,0.01015,0.37801,0.0,4601.0
2015-08-07,0.36786,0.36786,0.36786,0.36786,0.00455,0.36786,0.0,4601.0
2015-08-06,0.37241,0.37241,0.37241,0.37241,0.00336,0.37241,0.0,4601.0
2015-08-05,0.37577,0.37577,0.37577,0.37577,0.00166,0.37577,15.0,4601.0
2015-08-04,0.37411,0.37411,0.37411,0.37411,0.00848,0.37411,0.0,4601.0
2015-08-03,0.41028,0.41028,0.41028,0.41028,0.00017,0.41028,0.0,5016.0
2015-07-31,0.41011,0.41011,0.41011,0.41011,0.00052,0.41011,0.0,5016.0
2015-07-30,0.41063,0.41063,0.41063,0.41063,0.00014,0.41063,0.0,5053.0
2015-07-29,0.41077,0.41077,0.41077,0.41077,0.0015,0.41077,0.0,5053.0
2015-07-28,0.41227,0.41227,0.41227,0.41227,0.00048,0.41227,0.0,5053.0
2015-07-27,0.41179,0.41179,0.41179,0.41179,0.00381,0.41179,0.0,5053.0
2015-07-24,0.4156,0.4156,0.4156,0.4156,0.00156,0.4156,0.0,5053.0
2015-07-23,0.41716,0.41716,0.41716,0.41716,0.0017,0.41716,0.0,5053.0
2015-07-22,0.41886,0.41886,0.41886,0.41886,0.00167,0.41886,0.0,5053.0
2015-07-21,0.41719,0.41719,0.41719,0.41719,0.00082,0.41719,0.0,5053.0
2015-07-20,0.41801,0.41801,0.41801,0.41801,0.00333,0.41801,0.0,5053.0
2015-07-17,0.42134,0.42134,0.42134,0.42134,0.00023,0.42134,0.0,5053.0
2015-07-16,0.42157,0.42157,0.42157,0.42157,0.00552,0.42157,0.0,5053.0
2015-07-15,0.41605,0.41605,0.41605,0.41605,0.0027,0.41605,0.0,5053.0
2015-07-14,0.41335,0.41335,0.41335,0.41335,0.00443,0.41335,0.0,5053.0
2015-07-10,0.41694,0.41694,0.41694,0.41694,0.00502,0.41694,0.0,5053.0
2015-07-09,0.42196,0.42196,0.42196,0.42196,0.02043,0.42196,0.0,5053.0
2015-07-08,0.40153,0.40153,0.40153,0.40153,0.00377,0.40153,0.0,5053.0
2015-07-07,0.39776,0.39776,0.39776,0.39776,0.00321,0.39776,0.0,5053.0
2015-07-06,0.385,0.385,0.385,0.385,0.02261,0.40097,3.0,5051.0
2015-07-02,0.42358,0.42358,0.42358,0.42358,0.00483,0.42358,0.0,5051.0
2015-07-01,0.38648,0.38648,0.38648,0.38648,0.00037,0.38648,0.0,6641.0
2015-06-30,0.38685,0.38685,0.38685,0.38685,0.00086,0.38685,0.0,6641.0
2015-06-29,0.38599,0.38599,0.38599,0.38599,0.00049,0.38599,0.0,6641.0
2015-06-26,0.38648,0.38648,0.38648,0.38648,0.00057,0.38648,0.0,6641.0
2015-06-25,0.38591,0.38591,0.38591,0.38591,0.00196,0.38591,0.0,6641.0
2015-06-24,0.38395,0.38395,0.38395,0.38395,0.00341,0.38395,0.0,6641.0
2015-06-23,0.38054,0.38054,0.38054,0.38054,0.00651,0.38054,0.0,6641.0
2015-06-22,0.37403,0.37403,0.37403,0.37403,0.00142,0.37403,0.0,6641.0
2015-06-19,0.37261,0.37261,0.37261,0.37261,0.00674,0.37261,0.0,6641.0
2015-06-18,0.37935,0.37935,0.37935,0.37935,0.00168,0.37935,0.0,6641.0
2015-06-17,0.37767,0.37767,0.37767,0.37767,0.00284,0.37767,0.0,6641.0
2015-06-16,0.38051,0.38051,0.38051,0.38051,0.00077,0.38051,0.0,6641.0
2015-06-15,0.38128,0.38128,0.38128,0.38128,0.02312,0.38128,0.0,6641.0
2015-06-12,0.4044,0.4044,0.4044,0.4044,0.00022,0.4044,0.0,6641.0
2015-06-11,0.40418,0.40418,0.40418,0.40418,0.00682,0.40418,0.0,6641.0
2015-06-10,0.39736,0.39736,0.39736,0.39736,0.01216,0.39736,0.0,6641.0
2015-06-09,0.3852,0.3852,0.3852,0.3852,0.03097,0.3852,0.0,6641.0
2015-06-08,0.35423,0.35423,0.35423,0.35423,0.0021,0.35423,0.0,6641.0
2015-06-05,0.35213,0.35213,0.35213,0.35213,0.02552,0.35213,0.0,6641.0
2015-06-04,0.37765,0.37765,0.37765,0.37765,0.03638,0.37765,0.0,6641.0
2015-06-03,0.41403,0.41403,0.41403,0.41403,0.03995,0.41403,0.0,6641.0
2015-06-02,0.45398,0.45398,0.45398,0.45398,0.00148,0.45398,0.0,6641.0
2015-06-01,0.47069,0.47069,0.47069,0.47069,0.00097,0.47069,0.0,5173.0
2015-05-29,0.47166,0.47166,0.47166,0.47166,0.00225,0.47166,0.0,5173.0
2015-05-28,0.46941,0.46941,0.46941,0.46941,0.00128,0.46941,0.0,5173.0
2015-05-27,0.46813,0.46813,0.46813,0.46813,0.00188,0.46813,0.0,5173.0
2015-05-26,0.47001,0.47001,0.47001,0.47001,0.00727,0.47001,0.0,5173.0
2015-05-22,0.47728,0.47728,0.47728,0.47728,0.0026,0.47728,0.0,5173.0
2015-05-21,0.47988,0.47988,0.47988,0.47988,0.00356,0.47988,0.0,5173.0
2015-05-20,0.48344,0.48344,0.48344,0.48344,0.00144,0.48344,0.0,5173.0
2015-05-19,0.48488,0.48488,0.48488,0.48488,0.00506,0.48488,0.0,5173.0
2015-05-18,0.48994,0.48994,0.48994,0.48994,0.00541,0.48994,0.0,5173.0
2015-05-15,0.49535,0.49535,0.49535,0.49535,0.00112,0.49535,0.0,5173.0
2015-05-14,0.49647,0.49647,0.49647,0.49647,0.01281,0.49647,0.0,5173.0
2015-05-13,0.50928,0.50928,0.50928,0.50928,0.0055,0.50928,0.0,5173.0
2015-05-12,0.51478,0.51478,0.51478,0.51478,0.013,0.51478,0.0,5173.0
2015-05-11,0.50178,0.50178,0.50178,0.50178,0.00184,0.50178,0.0,5173.0
2015-05-08,0.49994,0.49994,0.49994,0.49994,0.00022,0.49994,0.0,5173.0
2015-05-07,0.49972,0.49972,0.49972,0.49972,0.01691,0.49972,0.0,5173.0
2015-05-06,0.51663,0.51663,0.51663,0.51663,0.01409,0.51663,0.0,5173.0
2015-05-05,0.53072,0.53072,0.53072,0.53072,0.00662,0.53072,0.0,5180.0
2015-05-04,0.5241,0.5241,0.5241,0.5241,0.01903,0.5241,10.0,5173.0
2015-05-01,0.54747,0.54747,0.54747,0.54747,9.0e-05,0.54747,0.0,4399.0
2015-04-30,0.54756,0.54756,0.54756,0.54756,0.00021,0.54756,0.0,4399.0
2015-04-29,0.54735,0.54735,0.54735,0.54735,0.00092,0.54735,0.0,4399.0
2015-04-28,0.54827,0.54827,0.54827,0.54827,6.000000000000001e-05,0.54827,0.0,4399.0
2015-04-27,0.54821,0.54821,0.54821,0.54821,0.00111,0.54821,0.0,4399.0
2015-04-24,0.54932,0.54932,0.54932,0.54932,9.0e-05,0.54932,0.0,4399.0
2015-04-23,0.54923,0.54923,0.54923,0.54923,0.0056,0.54923,0.0,4399.0
2015-04-22,0.54363,0.54363,0.54363,0.54363,0.00012,0.54363,0.0,4399.0
2015-04-21,0.54375,0.54375,0.54375,0.54375,0.0053,0.54375,0.0,4399.0
2015-04-20,0.54905,0.54905,0.54905,0.54905,0.00422,0.54905,0.0,4399.0
2015-04-17,0.55327,0.55327,0.55327,0.55327,0.00379,0.55327,0.0,4399.0
2015-04-16,0.55706,0.55706,0.55706,0.55706,0.0073,0.55706,0.0,4399.0
2015-04-15,0.54976,0.54976,0.54976,0.54976,0.00889,0.54976,0.0,4399.0
2015-04-14,0.54087,0.54087,0.54087,0.54087,0.00498,0.54087,0.0,4399.0
2015-04-13,0.53589,0.53589,0.53589,0.53589,0.00393,0.53589,0.0,4399.0
2015-04-10,0.53196,0.53196,0.53196,0.53196,0.00669,0.53196,0.0,4399.0
2015-04-09,0.52527,0.52527,0.52527,0.52527,0.00649,0.52527,0.0,4399.0
2015-04-08,0.51878,0.51878,0.51878,0.51878,0.01848,0.51878,0.0,4399.0
2015-04-07,0.53726,0.53726,0.53726,0.53726,0.00883,0.53726,0.0,4399.0
2015-04-06,0.52843,0.52843,0.52843,0.52843,0.0136,0.52843,0.0,4399.0
2015-04-02,0.5429,0.5429,0.5429,0.5429,,0.5429,0.0,5892.0
2015-04-01,0.5429,0.5429,0.5429,0.5429,0.0002,0.5429,0.0,5892.0
2015-03-31,0.5431,0.5431,0.5431,0.5431,0.00054,0.5431,0.0,5892.0
2015-03-30,0.54364,0.54364,0.54364,0.54364,0.00108,0.54364,0.0,5892.0
2015-03-27,0.54472,0.54472,0.54472,0.54472,0.00326,0.54472,0.0,5892.0
2015-03-26,0.54798,0.54798,0.54798,0.54798,0.00477,0.54798,0.0,5892.0
2015-03-25,0.54321,0.54321,0.54321,0.54321,0.0044,0.54321,0.0,5892.0
2015-03-24,0.53881,0.53881,0.53881,0.53881,0.00131,0.53881,0.0,5892.0
2015-03-23,0.5375,0.5375,0.5375,0.5375,0.00312,0.5375,0.0,5892.0
2015-03-20,0.53438,0.53438,0.53438,0.53438,0.00117,0.53438,0.0,5892.0
2015-03-19,0.53321,0.53321,0.53321,0.53321,0.0069,0.53321,0.0,5892.0
2015-03-18,0.54011,0.54011,0.54011,0.54011,0.00233,0.54011,0.0,5892.0
2015-03-17,0.53778,0.53778,0.53778,0.53778,0.00358,0.53778,0.0,5892.0
2015-03-16,0.54136,0.54136,0.54136,0.54136,0.00978,0.54136,0.0,5892.0
2015-03-13,0.55114,0.55114,0.55114,0.55114,0.00494,0.55114,0.0,5892.0
2015-03-12,0.55608,0.55608,0.55608,0.55608,0.00017,0.55608,0.0,5892.0
2015-03-11,0.55591,0.55591,0.55591,0.55591,0.00313,0.55591,0.0,5892.0
2015-03-10,0.55278,0.55278,0.55278,0.55278,0.01699,0.55278,0.0,5892.0
2015-03-06,0.58248,0.58248,0.58248,0.58248,0.01423,0.58248,0.0,5892.0
2015-03-05,0.59671,0.59671,0.59671,0.59671,0.01471,0.59671,0.0,5892.0
2015-03-04,0.61142,0.61142,0.61142,0.61142,0.00341,0.61142,0.0,5892.0
2015-03-03,0.61483,0.61483,0.61483,0.61483,0.0067,0.61483,0.0,5892.0
2015-03-02,0.57086,0.57086,0.57086,0.57086,0.00032,0.57086,0.0,6294.0
2015-02-27,0.57118,0.57118,0.57118,0.57118,0.00092,0.57118,0.0,6294.0
2015-02-26,0.57026,0.57026,0.57026,0.57026,0.00086,0.57026,0.0,6294.0
2015-02-25,0.57112,0.57112,0.57112,0.57112,0.00102,0.57112,0.0,6294.0
2015-02-24,0.5701,0.5701,0.5701,0.5701,0.00059,0.5701,0.0,6294.0
2015-02-23,0.56951,0.56951,0.56951,0.56951,0.00052,0.56951,0.0,6294.0
2015-02-20,0.57003,0.57003,0.57003,0.57003,0.00023,0.57003,0.0,6294.0
2015-02-19,0.5698,0.5698,0.5698,0.5698,0.00339,0.5698,0.0,6294.0
2015-02-18,0.57319,0.57319,0.57319,0.57319,0.00174,0.57319,0.0,6294.0
2015-02-17,0.57493,0.57493,0.57493,0.57493,0.0047,0.57493,0.0,6294.0
2015-02-13,0.57023,0.57023,0.57023,0.57023,0.01076,0.57023,0.0,6294.0
2015-02-12,0.55947,0.55947,0.55947,0.55947,0.01207,0.55947,0.0,6294.0
2015-02-11,0.5474,0.5474,0.5474,0.5474,0.00358,0.5474,0.0,6294.0
2015-02-10,0.54382,0.54382,0.54382,0.54382,0.00901,0.54382,0.0,6294.0
2015-02-09,0.55283,0.55283,0.55283,0.55283,0.00894,0.55283,0.0,6294.0
2015-02-06,0.54389,0.54389,0.54389,0.54389,0.01632,0.54389,0.0,6294.0
2015-02-05,0.52757,0.52757,0.52757,0.52757,0.01141,0.52757,0.0,6294.0
2015-02-04,0.51616,0.51616,0.51616,0.51616,0.03213,0.51616,0.0,6294.0
2015-02-03,0.54829,0.54829,0.54829,0.54829,0.02516,0.54829,0.0,6294.0
2015-02-02,0.47813,0.47813,0.47813,0.47813,0.00037,0.47813,0.0,8546.0
2015-01-30,0.4785,0.4785,0.4785,0.4785,0.00112,0.4785,0.0,8546.0
2015-01-29,0.47738,0.47738,0.47738,0.47738,6.000000000000001e-05,0.47738,0.0,8546.0
2015-01-27,0.48056,0.48056,0.48056,0.48056,0.00135,0.48056,0.0,8546.0
2015-01-26,0.48191,0.48191,0.48191,0.48191,0.00068,0.48191,0.0,8546.0
2015-01-23,0.48259,0.48259,0.48259,0.48259,0.00322,0.48259,0.0,8546.0
2015-01-22,0.48581,0.48581,0.48581,0.48581,0.00272,0.48581,0.0,8546.0
2015-01-21,0.48309,0.48309,0.48309,0.48309,0.01062,0.48309,0.0,8546.0
2015-01-20,0.47247,0.47247,0.47247,0.47247,0.00066,0.47247,0.0,8546.0
2015-01-16,0.47313,0.47313,0.47313,0.47313,0.01163,0.47313,0.0,8546.0
2015-01-15,0.4615,0.4615,0.4615,0.4615,0.00588,0.4615,0.0,8546.0
2015-01-14,0.46738,0.46738,0.46738,0.46738,0.00982,0.46738,0.0,8546.0
2015-01-13,0.45756,0.45756,0.45756,0.45756,0.00274,0.45756,0.0,8546.0
2015-01-12,0.45482,0.45482,0.45482,0.45482,0.00131,0.45482,0.0,8546.0
2015-01-09,0.45613,0.45613,0.45613,0.45613,0.00079,0.45613,30.0,8546.0
2015-01-08,0.45534,0.45534,0.45534,0.45534,0.00225,0.45534,0.0,8546.0
2015-01-07,0.45309,0.45309,0.45309,0.45309,0.00337,0.45309,0.0,8546.0
2015-01-06,0.44972,0.44972,0.44972,0.44972,0.0165,0.44972,0.0,8546.0
2015-01-05,0.46622,0.46622,0.46622,0.46622,0.02316,0.46622,5.0,8546.0
2015-01-02,0.475,0.475,0.475,0.48938,0.00812,0.48938,2.0,8546.0
2014-12-29,0.55457,0.55457,0.55457,0.55457,0.00213,0.55457,0.0,8217.0
2014-12-26,0.5567,0.5567,0.5567,0.5567,,0.5567,0.0,8217.0
2014-12-24,0.5567,0.5567,0.5567,0.5567,0.00824,0.5567,0.0,8217.0
2014-12-23,0.56494,0.56494,0.56494,0.56494,0.00241,0.56494,0.0,8217.0
2014-12-22,0.56253,0.56253,0.56253,0.56253,0.00307,0.56253,0.0,8217.0
2014-12-19,0.5656,0.5656,0.5656,0.5656,0.00955,0.5656,0.0,8217.0
2014-12-18,0.55605,0.55605,0.55605,0.55605,0.00585,0.55605,0.0,8217.0
2014-12-17,0.5619,0.5619,0.5619,0.5619,0.00312,0.5619,0.0,8217.0
2014-12-16,0.55878,0.55878,0.55878,0.55878,0.00426,0.55878,0.0,8217.0
2014-12-15,0.56304,0.56304,0.56304,0.56304,0.00318,0.56304,0.0,8217.0
2014-12-12,0.55986,0.55986,0.55986,0.55986,0.00668,0.55986,0.0,8217.0
2014-12-11,0.5675,0.5675,0.5675,0.55318,0.00875,0.55318,4.0,8221.0
2014-12-10,0.54443,0.54443,0.54443,0.54443,0.00242,0.54443,0.0,8221.0
2014-12-09,0.54685,0.54685,0.54685,0.54685,0.01665,0.54685,0.0,8221.0
2014-12-08,0.505,0.505,0.505,0.5302,0.05284,0.5302,1.0,8221.0
2014-12-05,0.58304,0.58304,0.58304,0.58304,0.03398,0.58304,0.0,8221.0
2014-12-04,0.61702,0.61702,0.61702,0.61702,0.01281,0.61702,0.0,8221.0
2014-12-03,0.62983,0.62983,0.62983,0.62983,0.01347,0.62983,0.0,8221.0
2014-12-02,0.625,0.625,0.625,0.6433,0.0342,0.6433,251.0,8346.0
2014-12-01,0.8042,0.8042,0.8042,0.8042,,0.8042,0.0,4752.0
2014-11-28,0.8042,0.8042,0.8042,0.8042,0.00031,0.8042,0.0,4752.0
2014-11-26,0.80451,0.80451,0.80451,0.80451,7.000000000000001e-05,0.80451,0.0,4752.0
2014-11-25,0.80458,0.80458,0.80458,0.80458,0.00132,0.80458,0.0,4752.0
2014-11-24,0.8059,0.8059,0.8059,0.8059,0.00014,0.8059,0.0,4752.0
2014-11-21,0.80576,0.80576,0.80576,0.80576,0.00364,0.80576,0.0,4752.0
2014-11-20,0.80212,0.80212,0.80212,0.80212,0.00726,0.80212,0.0,4752.0
2014-11-19,0.79486,0.79486,0.79486,0.79486,0.01472,0.79486,0.0,4752.0
2014-11-18,0.80958,0.80958,0.80958,0.80958,0.01049,0.80958,0.0,4752.0
2014-11-17,0.82007,0.82007,0.82007,0.82007,0.00681,0.82007,0.0,4752.0
2014-11-14,0.82688,0.82688,0.82688,0.82688,0.00296,0.82688,0.0,4752.0
2014-11-13,0.82392,0.82392,0.82392,0.82392,0.02733,0.82392,0.0,4752.0
2014-11-12,0.85125,0.85125,0.85125,0.85125,0.0051,0.85125,0.0,4752.0
2014-11-11,0.84615,0.84615,0.84615,0.84615,0.00181,0.84615,0.0,4752.0
2014-11-10,0.84434,0.84434,0.84434,0.84434,0.00156,0.84434,0.0,4752.0
2014-11-07,0.84278,0.84278,0.84278,0.84278,0.00365,0.84278,0.0,4752.0
2014-11-06,0.84643,0.84643,0.84643,0.84643,0.02215,0.84643,2.0,4752.0
2014-11-05,0.86858,0.86858,0.86858,0.86858,0.00531,0.86858,0.0,4752.0
2014-11-04,0.87389,0.87389,0.87389,0.87389,0.01611,0.87389,0.0,4752.0
2014-11-03,0.93997,0.93997,0.93997,0.93997,0.00014,0.93997,0.0,5108.0
2014-10-31,0.94011,0.94011,0.94011,0.94011,0.00024,0.94011,0.0,5108.0
2014-10-30,0.94035,0.94035,0.94035,0.94035,0.0003,0.94035,0.0,5108.0
2014-10-29,0.94065,0.94065,0.94065,0.94065,0.00318,0.94065,0.0,5108.0
2014-10-28,0.93747,0.93747,0.93747,0.93747,0.00127,0.93747,0.0,5108.0
2014-10-27,0.9362,0.9362,0.9362,0.9362,0.00215,0.9362,0.0,5108.0
2014-10-24,0.93405,0.93405,0.93405,0.93405,8.0e-05,0.93405,0.0,5108.0
2014-10-23,0.93413,0.93413,0.93413,0.93413,0.00576,0.93413,0.0,5108.0
2014-10-22,0.92837,0.92837,0.92837,0.92837,0.00715,0.92837,0.0,5108.0
2014-10-21,0.93552,0.93552,0.93552,0.93552,0.00937,0.93552,0.0,5108.0
2014-10-20,0.94489,0.94489,0.94489,0.94489,0.00854,0.94489,0.0,5108.0
2014-10-17,0.95343,0.95343,0.95343,0.95343,0.00258,0.95343,0.0,5108.0
2014-10-16,0.95601,0.95601,0.95601,0.95601,0.00223,0.95601,0.0,5108.0
2014-10-15,0.95378,0.95378,0.95378,0.95378,0.00272,0.95378,0.0,5108.0
2014-10-14,0.95106,0.95106,0.95106,0.95106,0.02793,0.95106,0.0,5108.0
2014-10-13,0.97899,0.97899,0.97899,0.97899,0.00059,0.97899,0.0,5108.0
2014-10-10,0.9784,0.9784,0.9784,0.9784,0.02199,0.9784,0.0,5098.0
2014-10-09,1.00039,1.00039,1.00039,1.00039,0.03608,1.00039,10.0,5108.0
2014-10-08,1.03647,1.03647,1.03647,1.03647,0.02038,1.03647,0.0,5108.0
2014-10-07,1.05685,1.05685,1.05685,1.05685,0.00407,1.05685,0.0,5108.0
2014-10-06,1.06092,1.06092,1.06092,1.06092,0.00101,1.06092,0.0,5108.0
2014-10-03,1.06193,1.06193,1.06193,1.06193,0.00397,1.06193,5.0,5108.0
2014-10-02,1.0659,1.0659,1.0659,1.0659,0.01215,1.0659,0.0,5108.0
2014-10-01,1.06318,1.06318,1.06318,1.06318,0.0003,1.06318,0.0,5156.0
2014-09-30,1.06348,1.06348,1.06348,1.06348,6.000000000000001e-05,1.06348,0.0,5156.0
2014-09-29,1.06342,1.06342,1.06342,1.06342,0.0005,1.06342,0.0,5156.0
2014-09-26,1.06292,1.06292,1.06292,1.06292,3.0000000000000004e-05,1.06292,0.0,5156.0
2014-09-25,1.06295,1.06295,1.06295,1.06295,0.00404,1.06295,0.0,5156.0
2014-09-24,1.06699,1.06699,1.06699,1.06699,0.00209,1.06699,0.0,5156.0
2014-09-23,1.06908,1.06908,1.06908,1.06908,0.00027,1.06908,0.0,5156.0
2014-09-22,1.06935,1.06935,1.06935,1.06935,0.00318,1.06935,0.0,5156.0
2014-09-19,1.07253,1.07253,1.07253,1.07253,0.00161,1.07253,0.0,5156.0
2014-09-18,1.07414,1.07414,1.07414,1.07414,0.00149,1.07414,0.0,5156.0
2014-09-17,1.07563,1.07563,1.07563,1.07563,0.01017,1.07563,0.0,5156.0
2014-09-16,1.0858,1.0858,1.0858,1.0858,0.00422,1.0858,0.0,5156.0
2014-09-15,1.08158,1.08158,1.08158,1.08158,0.01003,1.08158,0.0,5156.0
2014-09-12,1.07155,1.07155,1.07155,1.07155,0.00363,1.07155,0.0,5156.0
2014-09-11,1.06792,1.06792,1.06792,1.06792,0.00441,1.06792,0.0,5156.0
2014-09-10,1.06351,1.06351,1.06351,1.06351,0.00458,1.06351,0.0,5156.0
2014-09-09,1.05893,1.05893,1.05893,1.05893,6.000000000000001e-05,1.05893,0.0,5156.0
2014-09-08,1.05899,1.05899,1.05899,1.05899,0.00821,1.05899,0.0,5156.0
2014-09-05,1.05078,1.05078,1.05078,1.05078,0.00757,1.05078,0.0,5156.0
2014-09-04,1.04321,1.04321,1.04321,1.04321,0.00773,1.04321,0.0,5156.0
2014-09-03,1.03548,1.03548,1.03548,1.03548,0.01673,1.03548,0.0,5156.0
2014-09-02,1.01726,1.01726,1.01726,1.01726,9.0e-05,1.01726,0.0,4373.0
2014-08-29,1.01735,1.01735,1.01735,1.01735,0.0003,1.01735,0.0,4373.0
2014-08-28,1.01705,1.01705,1.01705,1.01705,0.00023,1.01705,0.0,4373.0
2014-08-27,1.01682,1.01682,1.01682,1.01682,0.00035,1.01682,0.0,4373.0
2014-08-26,1.01717,1.01717,1.01717,1.01717,0.00095,1.01717,0.0,4373.0
2014-08-25,1.01622,1.01622,1.01622,1.01622,0.00018,1.01622,0.0,4373.0
2014-08-22,1.01604,1.01604,1.01604,1.01604,0.00182,1.01604,0.0,4373.0
2014-08-21,1.01786,1.01786,1.01786,1.01786,0.00027,1.01786,0.0,4373.0
2014-08-20,1.01813,1.01813,1.01813,1.01813,0.00077,1.01813,0.0,4373.0
2014-08-19,1.0189,1.0189,1.0189,1.0189,0.00431,1.0189,0.0,4373.0
2014-08-18,1.01459,1.01459,1.01459,1.01459,0.00511,1.01459,0.0,4373.0
2014-08-15,1.0197,1.0197,1.0197,1.0197,0.00541,1.0197,0.0,4373.0
2014-08-14,1.01429,1.01429,1.01429,1.01429,0.00979,1.01429,0.0,4373.0
2014-08-13,1.02408,1.02408,1.02408,1.02408,0.00134,1.02408,0.0,4373.0
2014-08-12,1.02542,1.02542,1.02542,1.02542,0.00178,1.02542,0.0,4373.0
2014-08-11,1.0272,1.0272,1.0272,1.0272,0.00752,1.0272,0.0,4373.0
2014-08-08,1.01968,1.01968,1.01968,1.01968,0.00697,1.01968,0.0,4373.0
2014-08-07,1.01271,1.01271,1.01271,1.01271,0.01038,1.01271,0.0,4373.0
2014-08-06,1.00233,1.00233,1.00233,1.00233,0.00634,1.00233,0.0,4373.0
2014-08-05,0.99599,0.99599,0.99599,0.99599,0.00184,0.99599,0.0,4373.0
2014-08-04,0.99783,0.99783,0.99783,0.99783,0.00592,0.99783,0.0,4373.0
2014-08-01,1.03619,1.03619,1.03619,1.03619,0.00011,1.03619,0.0,3402.0
2014-07-31,1.03608,1.03608,1.03608,1.03608,0.00045,1.03608,0.0,3402.0
2014-07-30,1.03653,1.03653,1.03653,1.03653,0.00029,1.03653,0.0,3402.0
2014-07-29,1.03682,1.03682,1.03682,1.03682,0.00116,1.03682,0.0,3402.0
2014-07-28,1.03798,1.03798,1.03798,1.03798,0.00188,1.03798,0.0,3402.0
2014-07-25,1.03986,1.03986,1.03986,1.03986,0.00119,1.03986,0.0,3402.0
2014-07-24,1.03867,1.03867,1.03867,1.03867,0.00207,1.03867,0.0,3402.0
2014-07-23,1.04074,1.04074,1.04074,1.04074,0.00176,1.04074,0.0,3402.0
2014-07-22,1.03898,1.03898,1.03898,1.03898,0.00111,1.03898,0.0,3402.0
2014-07-21,1.03787,1.03787,1.03787,1.03787,0.00071,1.03787,0.0,3402.0
2014-07-18,1.03716,1.03716,1.03716,1.03716,0.00094,1.03716,0.0,3402.0
2014-07-17,1.0381,1.0381,1.0381,1.0381,0.00014,1.0381,0.0,3402.0
2014-07-16,1.03796,1.03796,1.03796,1.03796,0.00125,1.03796,0.0,3402.0
2014-07-15,1.03671,1.03671,1.03671,1.03671,0.00116,1.03671,0.0,3402.0
2014-07-14,1.03787,1.03787,1.03787,1.03787,0.0021,1.03787,0.0,3402.0
2014-07-11,1.03577,1.03577,1.03577,1.03577,0.00741,1.03577,0.0,3402.0
2014-07-10,1.04318,1.04318,1.04318,1.04318,0.01085,1.04318,0.0,3402.0
2014-07-09,1.03233,1.03233,1.03233,1.03233,0.00222,1.03233,0.0,3402.0
2014-07-08,1.03455,1.03455,1.03455,1.03455,0.00463,1.03455,0.0,3402.0
2014-07-07,1.03918,1.03918,1.03918,1.03918,0.0021,1.03918,0.0,3402.0
2014-07-03,1.04128,1.04128,1.04128,1.04128,0.00665,1.04128,0.0,3402.0
2014-07-02,1.04793,1.04793,1.04793,1.04793,0.01145,1.04793,0.0,3402.0
2014-07-01,1.04598,1.04598,1.04598,1.04598,0.00027,1.04598,0.0,2438.0
2014-06-30,1.04571,1.04571,1.04571,1.04571,0.0006,1.04571,0.0,2438.0
2014-06-27,1.04631,1.04631,1.04631,1.04631,0.00042,1.04631,0.0,2438.0
2014-06-26,1.04673,1.04673,1.04673,1.04673,0.00193,1.04673,0.0,2438.0
2014-06-25,1.04866,1.04866,1.04866,1.04866,0.00119,1.04866,0.0,2438.0
2014-06-24,1.04747,1.04747,1.04747,1.04747,6.000000000000001e-05,1.04747,0.0,2438.0
2014-06-23,1.04753,1.04753,1.04753,1.04753,0.0019,1.04753,0.0,2438.0
2014-06-20,1.04943,1.04943,1.04943,1.04943,0.00086,1.04943,0.0,2438.0
2014-06-19,1.04857,1.04857,1.04857,1.04857,0.00595,1.04857,0.0,2438.0
2014-06-18,1.04262,1.04262,1.04262,1.04262,0.00845,1.04262,0.0,2438.0
2014-06-17,1.03417,1.03417,1.03417,1.03417,0.00435,1.03417,0.0,2438.0
2014-06-16,1.02982,1.02982,1.02982,1.02982,0.00178,1.02982,0.0,2438.0
2014-06-13,1.02804,1.02804,1.02804,1.02804,0.00566,1.02804,0.0,2438.0
2014-06-12,1.02238,1.02238,1.02238,1.02238,0.01092,1.02238,0.0,2438.0
2014-06-11,1.01146,1.01146,1.01146,1.01146,0.00649,1.01146,0.0,2438.0
2014-06-10,1.01795,1.01795,1.01795,1.01795,0.00247,1.01795,0.0,2438.0
2014-06-09,1.02042,1.02042,1.02042,1.02042,0.00905,1.02042,0.0,2438.0
2014-06-06,1.01137,1.01137,1.01137,1.01137,0.00089,1.01137,0.0,2438.0
2014-06-05,1.01048,1.01048,1.01048,1.01048,0.00119,1.01048,0.0,2438.0
2014-06-04,1.01167,1.01167,1.01167,1.01167,0.02393,1.01167,0.0,2438.0
2014-06-03,1.0356,1.0356,1.0356,1.0356,0.00372,1.0356,0.0,2438.0
2014-06-02,1.0414,1.0414,1.0414,1.0414,3.0000000000000004e-05,1.0414,0.0,2917.0
2014-05-30,1.04137,1.04137,1.04137,1.04137,0.00045,1.04137,0.0,2917.0
2014-05-29,1.04182,1.04182,1.04182,1.04182,0.0002,1.04182,0.0,2917.0
2014-05-28,1.04202,1.04202,1.04202,1.04202,0.00131,1.04202,0.0,2917.0
2014-05-27,1.04333,1.04333,1.04333,1.04333,0.00014,1.04333,0.0,2917.0
2014-05-23,1.04347,1.04347,1.04347,1.04347,0.00319,1.04347,0.0,2917.0
2014-05-22,1.04028,1.04028,1.04028,1.04028,0.00252,1.04028,0.0,2917.0
2014-05-21,1.03776,1.03776,1.03776,1.03776,0.00228,1.03776,0.0,2917.0
2014-05-20,1.03548,1.03548,1.03548,1.03548,0.005,1.03548,0.0,2917.0
2014-05-19,1.03048,1.03048,1.03048,1.03048,0.00514,1.03048,0.0,2917.0
2014-05-16,1.02534,1.02534,1.02534,1.02534,0.00139,1.02534,0.0,2917.0
2014-05-15,1.02395,1.02395,1.02395,1.02395,0.00846,1.02395,0.0,2917.0
2014-05-14,1.03241,1.03241,1.03241,1.03241,0.00952,1.03241,0.0,2917.0
2014-05-13,1.04193,1.04193,1.04193,1.04193,0.00444,1.04193,0.0,2917.0
2014-05-12,1.04637,1.04637,1.04637,1.04637,0.00222,1.04637,0.0,2917.0
2014-05-09,1.04415,1.04415,1.04415,1.04415,0.00457,1.04415,0.0,2917.0
2014-05-08,1.04872,1.04872,1.04872,1.04872,0.0058,1.04872,0.0,2917.0
2014-05-07,1.05452,1.05452,1.05452,1.05452,0.00352,1.05452,0.0,2917.0
2014-05-06,1.05804,1.05804,1.05804,1.05804,0.00079,1.05804,0.0,2917.0
2014-05-05,1.07084,1.07084,1.07084,1.05725,0.01349,1.05725,0.0,2917.0
2014-05-02,1.07074,1.07074,1.07074,1.07074,0.00136,1.07074,0.0,2917.0
2014-05-01,1.0989,1.0989,1.0989,1.0989,0.00012,1.0989,0.0,3997.0
2014-04-30,1.09878,1.09878,1.09878,1.09878,0.00051,1.09878,0.0,3997.0
2014-04-29,1.09929,1.09929,1.09929,1.09929,0.00069,1.09929,0.0,3997.0
2014-04-28,1.0986,1.0986,1.0986,1.0986,0.00188,1.0986,0.0,3997.0
2014-04-25,1.10048,1.10048,1.10048,1.10048,0.00232,1.10048,0.0,3997.0
2014-04-24,1.1028,1.1028,1.1028,1.1028,0.00066,1.1028,0.0,3997.0
2014-04-23,1.10214,1.10214,1.10214,1.10214,0.00309,1.10214,0.0,3997.0
2014-04-22,1.09905,1.09905,1.09905,1.09905,0.00482,1.09905,0.0,3997.0
2014-04-21,1.10387,1.10387,1.10387,1.10387,0.00269,1.10387,0.0,3997.0
2014-04-17,1.10656,1.10656,1.10656,1.10656,0.00018,1.10656,0.0,3997.0
2014-04-16,1.10674,1.10674,1.10674,1.10674,0.00088,1.10674,0.0,3997.0
2014-04-15,1.10762,1.10762,1.10762,1.10762,0.00705,1.10762,0.0,3997.0
2014-04-14,1.10057,1.10057,1.10057,1.10057,0.00332,1.10057,0.0,3997.0
2014-04-11,1.09725,1.09725,1.09725,1.09725,0.00151,1.09725,0.0,3997.0
2014-04-10,1.09574,1.09574,1.09574,1.09574,0.00136,1.09574,0.0,3997.0
2014-04-09,1.09438,1.09438,1.09438,1.09438,0.00781,1.09438,0.0,3997.0
2014-04-08,1.08657,1.08657,1.08657,1.08657,0.0114,1.08657,0.0,3997.0
2014-04-07,1.07517,1.07517,1.07517,1.07517,0.00278,1.07517,0.0,3997.0
2014-04-04,1.07795,1.07795,1.07795,1.07795,0.01096,1.07795,0.0,4033.0
2014-04-03,1.06699,1.06699,1.06699,1.06699,0.01406,1.06699,0.0,3997.0
2014-04-02,1.05293,1.05293,1.05293,1.05293,0.00457,1.05293,0.0,3997.0
2014-04-01,1.06119,1.06119,1.06119,1.06119,6.000000000000001e-05,1.06119,0.0,3573.0
2014-03-31,1.06113,1.06113,1.06113,1.06113,0.0003,1.06113,0.0,3573.0
2014-03-28,1.06143,1.06143,1.06143,1.06143,0.00086,1.06143,0.0,3573.0
2014-03-27,1.06057,1.06057,1.06057,1.06057,0.00173,1.06057,0.0,3573.0
2014-03-26,1.05884,1.05884,1.05884,1.05884,0.00063,1.05884,0.0,3573.0
2014-03-25,1.05821,1.05821,1.05821,1.05821,0.00039,1.05821,0.0,3573.0
2014-03-24,1.0586,1.0586,1.0586,1.0586,0.00366,1.0586,0.0,3573.0
2014-03-21,1.06226,1.06226,1.06226,1.06226,0.0022,1.06226,0.0,3573.0
2014-03-20,1.06006,1.06006,1.06006,1.06006,0.00107,1.06006,0.0,3573.0
2014-03-19,1.06113,1.06113,1.06113,1.06113,0.00965,1.06113,0.0,3573.0
2014-03-18,1.07078,1.07078,1.07078,1.07078,0.00557,1.07078,0.0,3573.0
2014-03-17,1.06521,1.06521,1.06521,1.06521,0.00327,1.06521,0.0,3573.0
2014-03-14,1.06848,1.06848,1.06848,1.06848,0.01354,1.06848,0.0,3573.0
2014-03-13,1.08202,1.08202,1.08202,1.08202,0.00316,1.08202,0.0,3573.0
2014-03-12,1.08518,1.08518,1.08518,1.08518,0.00354,1.08518,0.0,3573.0
2014-03-11,1.08872,1.08872,1.08872,1.08872,0.00503,1.08872,0.0,3573.0
2014-03-10,1.08369,1.08369,1.08369,1.08369,0.00494,1.08369,0.0,3573.0
2014-03-07,1.08863,1.08863,1.08863,1.08863,0.01964,1.08863,0.0,3573.0
2014-03-04,1.45586,1.45586,1.45586,1.45586,,1.45586,0.0,3904.0
2014-03-03,1.45586,1.45586,1.45586,1.45586,0.00042,1.45586,0.0,3904.0
2014-02-28,1.45628,1.45628,1.45628,1.45628,0.00105,1.45628,0.0,3904.0
2014-02-27,1.45523,1.45523,1.45523,1.45523,0.00474,1.45523,0.0,3904.0
2014-02-26,1.45997,1.45997,1.45997,1.45997,0.00618,1.45997,0.0,3904.0
2014-02-25,1.46615,1.46615,1.46615,1.46615,0.01586,1.46615,0.0,3904.0
2014-02-24,1.48201,1.48201,1.48201,1.48201,0.01381,1.48201,0.0,3904.0
2014-02-21,1.49582,1.49582,1.49582,1.49582,0.01375,1.49582,0.0,3904.0
2014-02-20,1.50957,1.50957,1.50957,1.50957,0.05928,1.50957,0.0,3904.0
2014-02-19,1.56885,1.56885,1.56885,1.56885,0.01467,1.56885,0.0,3904.0
2014-02-18,1.58352,1.58352,1.58352,1.58352,0.02402,1.58352,0.0,3904.0
